user_id,role_id,role_name,system,granted_date,granted_by,access_end_date
U0263,R07,GL Approver,ERP-PROD,2026-04-11,U0071,
U0272,R05,Purchasing Approver,ERP-PROD,2023-06-17,U0400,
U0114,R09,Read-Only Reporting,ERP-PROD,2025-10-19,U0171,
U0319,R08,System Administrator,ERP-PROD,2026-07-01,U0244,
U0070,R04,Purchasing Buyer,ERP-PROD,2022-08-10,U0099,
U0031,R08,System Administrator,ERP-PROD,2025-08-25,U0159,
U0181,R02,AP Approver,ERP-PROD,2025-07-26,U0147,
U0079,R10,HR Generalist,ERP-PROD,2020-12-13,U0382,
U0332,R02,AP Approver,ERP-PROD,2023-09-27,U0138,
U0327,R06,GL Preparer,ERP-PROD,2023-03-14,U0128,
U0056,R10,HR Generalist,ERP-PROD,2024-01-08,U0357,
U0143,R08,System Administrator,ERP-PROD,2026-06-24,U0376,
U0338,R06,GL Preparer,ERP-PROD,2021-06-22,U0198,
U0288,R11,Sales Rep,ERP-PROD,2022-06-12,U0399,
U0360,R09,Read-Only Reporting,ERP-PROD,2022-09-22,U0188,2024-10-22
U0370,R09,Read-Only Reporting,ERP-PROD,2023-06-05,U0282,
U0075,R09,Read-Only Reporting,ERP-PROD,2023-07-22,U0289,
U0228,R09,Read-Only Reporting,ERP-PROD,2022-04-22,U0238,
U0280,R11,Sales Rep,ERP-PROD,2025-09-16,U0301,
U0077,R08,System Administrator,ERP-PROD,2025-02-18,U0089,
U0159,R01,AP Clerk,ERP-PROD,2024-01-23,,
U0010,R10,HR Generalist,ERP-PROD,2021-10-21,U0237,
U0088,R10,HR Generalist,ERP-PROD,2025-06-07,U0229,
U0091,R06,GL Preparer,ERP-PROD,2021-09-10,U0332,
U0113,R07,GL Approver,ERP-PROD,2024-12-31,U0162,
U0274,R08,System Administrator,ERP-PROD,2019-10-30,U0282,
U0072,R08,System Administrator,ERP-PROD,2021-06-27,U0045,
U0081,R05,Purchasing Approver,ERP-PROD,2021-08-31,U0138,
U0196,R08,System Administrator,ERP-PROD,2025-10-20,U0132,
U0040,R11,Sales Rep,ERP-PROD,2021-05-27,U0341,
U0152,R03,Vendor Master Maintainer,ERP-PROD,2023-03-04,U0343,
U0400,R08,System Administrator,ERP-PROD,2025-09-11,U0299,
U0073,R05,Purchasing Approver,ERP-PROD,2023-01-26,U0267,
U0306,R09,Read-Only Reporting,ERP-PROD,2024-06-15,U0295,
U0133,R08,System Administrator,ERP-PROD,2026-03-27,U0059,
U0289,R02,AP Approver,ERP-PROD,2026-06-02,U0191,
U0377,R11,Sales Rep,ERP-PROD,2024-08-02,U0188,
U0076,R05,Purchasing Approver,ERP-PROD,2026-06-26,U0136,
U0344,R03,Vendor Master Maintainer,ERP-PROD,2021-11-29,U0300,
U0220,R10,HR Generalist,ERP-PROD,2025-10-03,U0003,
U0221,R07,GL Approver,ERP-PROD,2025-01-01,U0185,
U0237,R03,Vendor Master Maintainer,ERP-PROD,2025-10-16,U0193,
U0111,R04,Purchasing Buyer,ERP-PROD,2025-08-20,U0100,
U0398,R04,Purchasing Buyer,ERP-PROD,2025-06-13,,
U0212,R08,System Administrator,ERP-PROD,2021-07-14,U0212,
U0333,R09,Read-Only Reporting,ERP-PROD,2025-09-24,U0047,
U0099,R08,System Administrator,ERP-PROD,2023-03-13,U0328,
U0078,R07,GL Approver,ERP-PROD,2021-10-20,U0203,
U0034,R09,Read-Only Reporting,ERP-PROD,2026-06-03,U0166,
U0123,R09,Read-Only Reporting,ERP-PROD,2026-03-06,U0373,
U0342,R08,System Administrator,ERP-PROD,2024-12-16,U0247,
U0256,R07,GL Approver,ERP-PROD,2022-08-02,U0146,
U0262,R11,Sales Rep,ERP-PROD,2025-12-09,U0130,
U0012,R08,System Administrator,ERP-PROD,2022-02-10,U0206,2026-03-16
U0358,R11,Sales Rep,ERP-PROD,2026-02-10,U0017,2025-11-09
U0016,R05,Purchasing Approver,ERP-PROD,2026-02-22,,
U0268,R10,HR Generalist,ERP-PROD,2023-06-24,U0114,
U0128,R09,Read-Only Reporting,ERP-PROD,2024-09-02,U0025,
U0001,R10,HR Generalist,ERP-PROD,2022-07-19,U0162,
U0020,R09,Read-Only Reporting,ERP-PROD,2026-02-01,U0071,
U0264,R03,Vendor Master Maintainer,ERP-PROD,2022-10-03,U0229,
U0330,R10,HR Generalist,ERP-PROD,2022-12-15,U0036,
U0057,R05,Purchasing Approver,ERP-PROD,2026-04-05,U0153,
U0176,R03,Vendor Master Maintainer,ERP-PROD,2023-03-27,U0320,
U0396,R08,System Administrator,ERP-PROD,2026-03-05,U0379,
U0271,R02,AP Approver,ERP-PROD,2026-07-08,U0307,2024-06-25
U0214,R06,GL Preparer,ERP-PROD,2025-12-11,U0291,
U0257,R10,HR Generalist,ERP-PROD,2022-03-17,U0003,
U0347,R01,AP Clerk,ERP-PROD,2024-09-02,U0331,
U0026,R10,HR Generalist,ERP-PROD,2022-01-21,U0127,
U0324,R04,Purchasing Buyer,ERP-PROD,2025-04-22,U0134,
U0184,R04,Purchasing Buyer,ERP-PROD,2026-05-29,U0025,2020-02-14
U0255,R10,HR Generalist,ERP-PROD,2025-01-03,U0302,
U0043,R10,HR Generalist,ERP-PROD,2026-07-12,U0314,
U0166,R11,Sales Rep,ERP-PROD,2026-05-12,U0131,
U0373,R06,GL Preparer,ERP-PROD,2024-07-21,,
U0204,R05,Purchasing Approver,ERP-PROD,2022-01-05,U0200,
U0243,R10,HR Generalist,ERP-PROD,2024-08-26,U0012,
U0265,R09,Read-Only Reporting,ERP-PROD,2025-01-17,U0261,
U0309,R10,HR Generalist,ERP-PROD,2026-02-11,U0086,
U0023,R02,AP Approver,ERP-PROD,2025-01-20,U0139,
U0047,R10,HR Generalist,ERP-PROD,2025-03-14,U0132,
U0390,R01,AP Clerk,ERP-PROD,2023-07-18,U0125,
U0300,R06,GL Preparer,ERP-PROD,2024-09-02,U0005,
U0246,R03,Vendor Master Maintainer,ERP-PROD,2023-07-28,U0311,
U0336,R11,Sales Rep,ERP-PROD,2022-09-26,U0398,
U0058,R07,GL Approver,ERP-PROD,2022-04-11,U0028,
U0392,R11,Sales Rep,ERP-PROD,2026-07-03,U0179,
U0025,R07,GL Approver,ERP-PROD,2025-05-27,U0184,
U0018,R10,HR Generalist,ERP-PROD,2026-07-01,,
U0066,R04,Purchasing Buyer,ERP-PROD,2025-10-26,U0032,
U0169,R06,GL Preparer,ERP-PROD,2025-03-07,U0235,
U0230,R06,GL Preparer,ERP-PROD,2023-10-19,U0092,2024-03-25
U0032,R08,System Administrator,ERP-PROD,2026-04-30,U0309,
U0083,R08,System Administrator,ERP-PROD,2026-05-05,U0192,2025-05-31
U0367,R06,GL Preparer,ERP-PROD,2026-01-31,U0384,
U0325,R11,Sales Rep,ERP-PROD,2026-03-08,U0005,
U0173,R08,System Administrator,ERP-PROD,2023-12-08,U0215,
U0259,R03,Vendor Master Maintainer,ERP-PROD,2026-01-31,U0130,
U0092,R10,HR Generalist,ERP-PROD,2025-12-24,U0011,2023-01-11
U0222,R11,Sales Rep,ERP-PROD,2025-05-07,U0229,
U0194,R10,HR Generalist,ERP-PROD,2026-03-22,U0272,
U0357,R10,HR Generalist,ERP-PROD,2024-01-05,U0268,
U0293,R08,System Administrator,ERP-PROD,2024-11-28,U0235,
U0168,R02,AP Approver,ERP-PROD,2025-11-03,U0388,
U0102,R08,System Administrator,ERP-PROD,2025-07-17,U0255,
U0335,R10,HR Generalist,ERP-PROD,2022-03-14,U0042,
U0006,R03,Vendor Master Maintainer,ERP-PROD,2023-12-14,U0361,
U0046,R05,Purchasing Approver,ERP-PROD,2025-06-01,U0006,
U0149,R08,System Administrator,ERP-PROD,2025-07-08,U0248,
U0283,R01,AP Clerk,ERP-PROD,2026-06-03,U0135,
U0352,R09,Read-Only Reporting,ERP-PROD,2023-11-13,U0272,
U0258,R02,AP Approver,ERP-PROD,2024-10-09,U0210,
U0017,R11,Sales Rep,ERP-PROD,2025-03-26,U0110,
U0378,R08,System Administrator,ERP-PROD,2023-01-02,U0048,2024-08-04
U0121,R08,System Administrator,ERP-PROD,2022-05-27,U0067,
U0369,R03,Vendor Master Maintainer,ERP-PROD,2021-02-12,U0282,
U0004,R09,Read-Only Reporting,ERP-PROD,2021-02-21,U0275,
U0019,R04,Purchasing Buyer,ERP-PROD,2024-09-28,U0256,2024-08-24
U0229,R09,Read-Only Reporting,ERP-PROD,2022-01-28,U0315,
U0060,R01,AP Clerk,ERP-PROD,2024-08-08,U0060,
U0208,R11,Sales Rep,ERP-PROD,2024-10-01,U0152,
U0136,R09,Read-Only Reporting,ERP-PROD,2025-09-29,U0247,
U0063,R11,Sales Rep,ERP-PROD,2025-04-09,U0239,
U0108,R01,AP Clerk,ERP-PROD,2022-08-06,U0115,
U0287,R09,Read-Only Reporting,ERP-PROD,2024-06-21,U0118,
U0202,R05,Purchasing Approver,ERP-PROD,2026-01-05,U0037,
U0030,R04,Purchasing Buyer,ERP-PROD,2026-06-18,U0097,
U0148,R11,Sales Rep,ERP-PROD,2023-04-22,U0313,
U0127,R08,System Administrator,ERP-PROD,2023-03-12,U0328,
U0027,R03,Vendor Master Maintainer,ERP-PROD,2021-05-29,U0392,
U0008,R08,System Administrator,ERP-PROD,2024-11-29,U0154,
U0372,R09,Read-Only Reporting,ERP-PROD,2024-12-20,U0393,
U0106,R06,GL Preparer,ERP-PROD,2026-07-07,U0093,
U0210,R08,System Administrator,ERP-PROD,2026-05-26,U0306,
U0382,R07,GL Approver,ERP-PROD,2025-12-06,U0062,
U0115,R11,Sales Rep,ERP-PROD,2018-11-23,U0232,
U0112,R08,System Administrator,ERP-PROD,2025-07-09,U0212,
U0161,R08,System Administrator,ERP-PROD,2024-03-03,U0028,
U0386,R08,System Administrator,ERP-PROD,2024-08-08,U0295,
U0304,R10,HR Generalist,ERP-PROD,2024-08-28,U0185,2025-04-29
U0314,R10,HR Generalist,ERP-PROD,2021-09-13,U0339,
U0150,R10,HR Generalist,ERP-PROD,2025-05-13,U0024,
U0273,R07,GL Approver,ERP-PROD,2026-01-08,U0103,
U0365,R01,AP Clerk,ERP-PROD,2024-08-28,U0050,
U0137,R08,System Administrator,ERP-PROD,2026-08-01,U0057,
U0302,R10,HR Generalist,ERP-PROD,2025-05-05,U0051,
U0364,R03,Vendor Master Maintainer,ERP-PROD,2021-01-12,U0376,
U0363,R08,System Administrator,ERP-PROD,2024-12-07,U0363,
U0183,R08,System Administrator,ERP-PROD,2025-09-01,U0332,
U0107,R07,GL Approver,ERP-PROD,2022-08-08,U0349,
U0205,R07,GL Approver,ERP-PROD,2020-06-15,U0184,
U0140,R01,AP Clerk,ERP-PROD,2022-09-04,U0185,
U0329,R09,Read-Only Reporting,ERP-PROD,2023-10-31,U0333,
U0147,R04,Purchasing Buyer,ERP-PROD,2024-03-31,U0214,
U0165,R11,Sales Rep,ERP-PROD,2020-01-13,U0085,
U0244,R03,Vendor Master Maintainer,ERP-PROD,2026-01-03,U0021,
U0082,R10,HR Generalist,ERP-PROD,2026-04-22,U0227,
U0348,R07,GL Approver,ERP-PROD,2025-11-07,U0376,
U0172,R09,Read-Only Reporting,ERP-PROD,2021-10-10,U0199,
U0074,R09,Read-Only Reporting,ERP-PROD,2020-08-15,U0213,
U0227,R11,Sales Rep,ERP-PROD,2025-09-30,U0397,
U0337,R04,Purchasing Buyer,ERP-PROD,2022-06-18,U0129,
U0186,R06,GL Preparer,ERP-PROD,2025-04-11,U0151,
U0116,R01,AP Clerk,ERP-PROD,2022-05-16,U0251,
U0230,R07,GL Approver,ERP-PROD,2023-09-22,U0377,2024-03-25
U0189,R11,Sales Rep,ERP-PROD,2025-06-07,U0079,
U0291,R06,GL Preparer,ERP-PROD,2026-05-28,U0296,
U0341,R05,Purchasing Approver,ERP-PROD,2022-04-22,U0323,
U0190,R07,GL Approver,ERP-PROD,2023-07-28,U0294,
U0195,R01,AP Clerk,ERP-PROD,2026-07-27,U0178,2026-03-24
U0318,R10,HR Generalist,ERP-PROD,2022-01-16,U0270,
U0217,R03,Vendor Master Maintainer,ERP-PROD,2026-05-16,U0121,
U0037,R08,System Administrator,ERP-PROD,2026-04-07,U0070,
U0135,R09,Read-Only Reporting,ERP-PROD,2022-02-03,,
U0355,R08,System Administrator,ERP-PROD,2021-09-02,U0269,
U0182,R08,System Administrator,ERP-PROD,2023-11-14,U0105,
U0324,R05,Purchasing Approver,ERP-PROD,2025-12-05,U0389,
U0381,R06,GL Preparer,ERP-PROD,2023-02-21,U0395,
U0059,R05,Purchasing Approver,ERP-PROD,2021-04-10,U0106,
U0109,R09,Read-Only Reporting,ERP-PROD,2022-04-22,U0134,
U0286,R04,Purchasing Buyer,ERP-PROD,2026-02-25,U0378,
U0231,R02,AP Approver,ERP-PROD,2023-09-29,U0033,
U0007,R10,HR Generalist,ERP-PROD,2020-06-10,U0047,2021-06-01
U0295,R02,AP Approver,ERP-PROD,2026-06-04,U0176,
U0391,R09,Read-Only Reporting,ERP-PROD,2025-07-23,U0295,
U0153,R09,Read-Only Reporting,ERP-PROD,2025-12-27,U0339,
U0145,R08,System Administrator,ERP-PROD,2024-06-19,U0216,
U0170,R10,HR Generalist,ERP-PROD,2026-07-27,U0003,
U0175,R07,GL Approver,ERP-PROD,2026-06-15,U0281,
U0011,R10,HR Generalist,ERP-PROD,2021-09-14,U0032,
U0369,R02,AP Approver,ERP-PROD,2020-11-13,U0274,
U0101,R04,Purchasing Buyer,ERP-PROD,2026-06-30,U0207,
U0081,R08,System Administrator,ERP-PROD,2020-08-15,U0069,
U0039,R01,AP Clerk,ERP-PROD,2026-06-29,U0288,
U0326,R04,Purchasing Buyer,ERP-PROD,2020-07-18,U0393,
U0160,R09,Read-Only Reporting,ERP-PROD,2025-09-03,U0288,
U0384,R08,System Administrator,ERP-PROD,2022-12-07,U0277,
U0343,R08,System Administrator,ERP-PROD,2025-11-24,U0112,
U0185,R11,Sales Rep,ERP-PROD,2024-12-05,U0325,
U0350,R07,GL Approver,ERP-PROD,2025-10-09,U0151,
U0195,R02,AP Approver,ERP-PROD,2026-04-21,U0125,2026-03-24
U0277,R08,System Administrator,ERP-PROD,2021-08-04,U0258,
U0182,R07,GL Approver,ERP-PROD,2025-08-20,U0053,
U0087,R09,Read-Only Reporting,ERP-PROD,2026-01-16,U0064,
U0269,R05,Purchasing Approver,ERP-PROD,2026-03-31,U0315,
U0157,R06,GL Preparer,ERP-PROD,2024-03-28,U0228,
U0297,R10,HR Generalist,ERP-PROD,2026-04-12,U0231,
U0142,R08,System Administrator,ERP-PROD,2024-08-28,U0184,
U0003,R10,HR Generalist,ERP-PROD,2025-07-03,U0055,
U0090,R08,System Administrator,ERP-PROD,2026-03-30,U0015,
U0346,R04,Purchasing Buyer,ERP-PROD,2026-07-22,U0317,2026-08-30
U0069,R06,GL Preparer,ERP-PROD,2024-08-09,U0062,
U0235,R08,System Administrator,ERP-PROD,2022-03-14,U0297,
U0120,R08,System Administrator,ERP-PROD,2025-09-23,U0321,
U0398,R05,Purchasing Approver,ERP-PROD,2025-09-11,U0109,
U0094,R11,Sales Rep,ERP-PROD,2025-08-13,U0312,
U0138,R02,AP Approver,ERP-PROD,2022-12-26,U0330,
U0361,R10,HR Generalist,ERP-PROD,2026-04-04,U0252,
U0294,R04,Purchasing Buyer,ERP-PROD,2024-10-04,U0298,
U0380,R04,Purchasing Buyer,ERP-PROD,2024-10-02,U0329,2023-09-19
U0095,R07,GL Approver,ERP-PROD,2026-04-25,U0193,
U0254,R03,Vendor Master Maintainer,ERP-PROD,2025-05-11,U0220,2023-08-10
U0068,R08,System Administrator,ERP-PROD,2025-08-16,U0154,
U0024,R09,Read-Only Reporting,ERP-PROD,2024-01-21,U0399,
U0038,R05,Purchasing Approver,ERP-PROD,2025-10-07,U0328,
U0139,R07,GL Approver,ERP-PROD,2026-06-11,U0238,
U0119,R09,Read-Only Reporting,ERP-PROD,2021-07-11,U0165,
U0188,R07,GL Approver,ERP-PROD,2024-03-29,U0003,
U0173,R02,AP Approver,ERP-PROD,2022-05-28,U0141,
U0067,R08,System Administrator,ERP-PROD,2025-08-24,U0352,
U0275,R07,GL Approver,ERP-PROD,2025-10-10,U0142,
U0251,R10,HR Generalist,ERP-PROD,2025-08-24,U0315,
U0356,R11,Sales Rep,ERP-PROD,2026-07-20,U0145,
U0383,R06,GL Preparer,ERP-PROD,2026-06-19,U0399,
U0246,R02,AP Approver,ERP-PROD,2020-06-12,U0113,
U0326,R05,Purchasing Approver,ERP-PROD,2023-01-14,U0004,
U0232,R03,Vendor Master Maintainer,ERP-PROD,2022-09-25,U0266,
U0122,R02,AP Approver,ERP-PROD,2020-11-24,U0034,
U0141,R11,Sales Rep,ERP-PROD,2023-08-28,U0389,
U0315,R03,Vendor Master Maintainer,ERP-PROD,2023-03-28,U0204,
U0248,R10,HR Generalist,ERP-PROD,2026-02-13,U0306,
U0206,R09,Read-Only Reporting,ERP-PROD,2025-04-14,U0145,
U0211,R09,Read-Only Reporting,ERP-PROD,2025-04-07,U0108,
U0084,R07,GL Approver,ERP-PROD,2026-07-28,U0015,
U0344,R02,AP Approver,ERP-PROD,2018-12-01,U0022,
U0203,R05,Purchasing Approver,ERP-PROD,2024-01-08,U0199,
U0126,R01,AP Clerk,ERP-PROD,2026-02-05,U0115,
U0345,R08,System Administrator,ERP-PROD,2024-07-04,U0395,
U0359,R03,Vendor Master Maintainer,ERP-PROD,2025-09-05,U0199,
U0296,R08,System Administrator,ERP-PROD,2023-11-14,U0359,
U0311,R08,System Administrator,ERP-PROD,2021-12-19,U0176,
U0174,R05,Purchasing Approver,ERP-PROD,2023-03-30,U0069,
U0252,R06,GL Preparer,ERP-PROD,2025-06-07,U0247,
U0292,R05,Purchasing Approver,ERP-PROD,2025-03-21,,
U0308,R09,Read-Only Reporting,ERP-PROD,2020-11-07,U0196,
U0353,R02,AP Approver,ERP-PROD,2023-10-27,U0376,
U0110,R06,GL Preparer,ERP-PROD,2025-12-29,U0028,2023-10-21
U0171,R05,Purchasing Approver,ERP-PROD,2024-10-29,U0355,
U0362,R08,System Administrator,ERP-PROD,2025-10-23,U0032,
U0278,R05,Purchasing Approver,ERP-PROD,2025-10-28,U0295,
U0387,R05,Purchasing Approver,ERP-PROD,2025-03-29,U0281,
U0394,R08,System Administrator,ERP-PROD,2026-02-28,U0075,
U0295,R03,Vendor Master Maintainer,ERP-PROD,2025-09-12,U0135,
U0216,R06,GL Preparer,ERP-PROD,2026-07-10,U0250,
U0385,R11,Sales Rep,ERP-PROD,2024-07-18,U0026,
U0158,R11,Sales Rep,ERP-PROD,2026-02-18,U0162,
U0132,R02,AP Approver,ERP-PROD,2022-01-21,U0215,
U0184,R05,Purchasing Approver,ERP-PROD,2022-06-18,U0283,2020-02-14
U0240,R08,System Administrator,ERP-PROD,2024-06-16,U0077,2025-07-10
U0215,R09,Read-Only Reporting,ERP-PROD,2025-04-12,U0149,
U0112,R02,AP Approver,ERP-PROD,2025-01-25,U0103,
U0117,R06,GL Preparer,ERP-PROD,2026-03-24,U0325,
U0207,R09,Read-Only Reporting,ERP-PROD,2025-02-13,U0243,
U0331,R09,Read-Only Reporting,ERP-PROD,2021-04-22,U0359,
U0124,R11,Sales Rep,ERP-PROD,2026-07-20,U0352,
U0339,R11,Sales Rep,ERP-PROD,2024-09-03,U0236,
U0105,R03,Vendor Master Maintainer,ERP-PROD,2026-06-30,U0344,
U0305,R11,Sales Rep,ERP-PROD,2024-05-21,U0063,
U0267,R09,Read-Only Reporting,ERP-PROD,2020-04-01,U0242,
U0129,R06,GL Preparer,ERP-PROD,2025-02-12,U0354,
U0298,R04,Purchasing Buyer,ERP-PROD,2025-09-10,U0052,
U0045,R07,GL Approver,ERP-PROD,2021-05-14,U0326,
U0388,R03,Vendor Master Maintainer,ERP-PROD,2025-06-21,U0397,
U0065,R11,Sales Rep,ERP-PROD,2025-12-31,U0278,
U0261,R06,GL Preparer,ERP-PROD,2023-09-06,U0283,
U0084,R08,System Administrator,ERP-PROD,2026-05-25,U0207,
U0225,R09,Read-Only Reporting,ERP-PROD,2026-05-27,U0260,
U0176,R02,AP Approver,ERP-PROD,2025-10-30,U0068,
U0154,R09,Read-Only Reporting,ERP-PROD,2022-01-16,U0286,
U0013,R10,HR Generalist,ERP-PROD,2024-01-07,U0012,
U0036,R08,System Administrator,ERP-PROD,2025-12-03,U0340,
U0029,R03,Vendor Master Maintainer,ERP-PROD,2025-10-10,,
U0163,R10,HR Generalist,ERP-PROD,2019-10-20,U0389,
U0138,R01,AP Clerk,ERP-PROD,2025-11-07,U0039,
U0327,R07,GL Approver,ERP-PROD,2023-02-22,U0194,
U0281,R08,System Administrator,ERP-PROD,2024-11-21,U0196,
U0205,R08,System Administrator,ERP-PROD,2026-07-29,U0033,
U0093,R09,Read-Only Reporting,ERP-PROD,2024-09-19,U0332,
U0052,R10,HR Generalist,ERP-PROD,2020-07-02,U0176,
U0223,R11,Sales Rep,ERP-PROD,2023-03-18,U0331,
U0307,R11,Sales Rep,ERP-PROD,2026-05-29,U0167,
U0313,R11,Sales Rep,ERP-PROD,2026-06-05,U0212,
U0171,R08,System Administrator,ERP-PROD,2025-12-21,U0248,
U0042,R06,GL Preparer,ERP-PROD,2025-04-25,U0395,
U0321,R11,Sales Rep,ERP-PROD,2026-04-28,U0306,
U0192,R08,System Administrator,ERP-PROD,2024-02-26,U0279,
U0260,R09,Read-Only Reporting,ERP-PROD,2026-07-04,U0142,
U0236,R10,HR Generalist,ERP-PROD,2026-01-04,U0301,
U0005,R02,AP Approver,ERP-PROD,2023-12-28,U0238,
U0238,R11,Sales Rep,ERP-PROD,2023-12-08,U0177,
U0368,R08,System Administrator,ERP-PROD,2026-07-13,U0235,
U0098,R08,System Administrator,ERP-PROD,2023-11-26,U0153,
U0209,R07,GL Approver,ERP-PROD,2026-07-17,U0006,2026-02-22
U0349,R05,Purchasing Approver,ERP-PROD,2026-03-21,U0069,
U0197,R02,AP Approver,ERP-PROD,2022-10-04,U0165,2024-07-19
U0164,R05,Purchasing Approver,ERP-PROD,2025-08-12,U0150,
U0096,R10,HR Generalist,ERP-PROD,2023-08-24,U0155,
U0270,R03,Vendor Master Maintainer,ERP-PROD,2023-12-16,U0397,
U0199,R09,Read-Only Reporting,ERP-PROD,2026-05-11,U0106,2026-05-30
U0061,R02,AP Approver,ERP-PROD,2026-07-17,U0136,
U0048,R01,AP Clerk,ERP-PROD,2023-07-12,U0225,
U0033,R08,System Administrator,ERP-PROD,2023-04-17,U0315,
U0247,R08,System Administrator,ERP-PROD,2026-07-21,U0338,
U0187,R04,Purchasing Buyer,ERP-PROD,2021-04-23,U0089,
U0366,R09,Read-Only Reporting,ERP-PROD,2022-08-04,U0099,
U0028,R02,AP Approver,ERP-PROD,2022-10-10,U0089,
U0323,R09,Read-Only Reporting,ERP-PROD,2025-03-09,U0277,
U0213,R10,HR Generalist,ERP-PROD,2021-09-27,U0095,2024-12-04
U0242,R04,Purchasing Buyer,ERP-PROD,2023-11-24,U0346,
U0266,R04,Purchasing Buyer,ERP-PROD,2024-08-19,U0200,
U0156,R02,AP Approver,ERP-PROD,2025-12-16,U0115,2026-06-08
U0347,R02,AP Approver,ERP-PROD,2021-11-20,U0065,
U0134,R04,Purchasing Buyer,ERP-PROD,2024-08-05,U0268,
U0062,R01,AP Clerk,ERP-PROD,2024-05-25,U0196,
U0131,R10,HR Generalist,ERP-PROD,2025-09-02,U0216,
U0125,R02,AP Approver,ERP-PROD,2025-04-14,U0385,
U0389,R11,Sales Rep,ERP-PROD,2024-09-06,U0102,
U0009,R10,HR Generalist,ERP-PROD,2026-05-01,U0208,
U0299,R10,HR Generalist,ERP-PROD,2024-08-06,U0101,
U0379,R06,GL Preparer,ERP-PROD,2024-05-28,U0248,
U0064,R08,System Administrator,ERP-PROD,2020-06-24,U0386,
U0276,R05,Purchasing Approver,ERP-PROD,2024-06-02,,
U0015,R07,GL Approver,ERP-PROD,2021-10-31,U0022,
U0151,R10,HR Generalist,ERP-PROD,2026-07-23,U0269,
U0041,R02,AP Approver,ERP-PROD,2026-06-12,U0353,
U0375,R03,Vendor Master Maintainer,ERP-PROD,2022-02-06,U0284,
U0371,R11,Sales Rep,ERP-PROD,2026-04-12,U0166,
U0200,R11,Sales Rep,ERP-PROD,2026-02-28,U0037,
U0258,R08,System Administrator,ERP-PROD,2023-01-16,U0193,
U0354,R11,Sales Rep,ERP-PROD,2025-05-02,U0123,
U0310,R07,GL Approver,ERP-PROD,2026-07-13,U0293,
U0219,R10,HR Generalist,ERP-PROD,2026-02-04,U0290,
U0193,R01,AP Clerk,ERP-PROD,2022-02-19,U0340,
U0197,R08,System Administrator,ERP-PROD,2026-03-07,U0261,
U0272,R04,Purchasing Buyer,ERP-PROD,2023-01-17,,
U0373,R07,GL Approver,ERP-PROD,2022-02-19,U0266,2022-02-26
U0233,R02,AP Approver,ERP-PROD,2026-05-13,U0233,
U0399,R10,HR Generalist,ERP-PROD,2026-03-22,U0248,
U0374,R04,Purchasing Buyer,ERP-PROD,2021-05-21,,
U0279,R08,System Administrator,ERP-PROD,2026-06-26,U0395,
U0322,R09,Read-Only Reporting,ERP-PROD,2025-08-11,U0328,
U0249,R02,AP Approver,ERP-PROD,2023-07-27,,
U0188,R06,GL Preparer,ERP-PROD,2024-05-17,U0285,
U0156,R01,AP Clerk,ERP-PROD,2026-04-20,U0252,
U0044,R08,System Administrator,ERP-PROD,2025-05-12,U0170,
U0201,R05,Purchasing Approver,ERP-PROD,2025-11-10,U0020,
U0180,R08,System Administrator,ERP-PROD,2025-11-18,U0007,
U0285,R05,Purchasing Approver,ERP-PROD,2021-07-15,U0294,
U0241,R09,Read-Only Reporting,ERP-PROD,2026-03-03,U0118,
U0103,R08,System Administrator,ERP-PROD,2026-04-10,U0019,
U0054,R05,Purchasing Approver,ERP-PROD,2025-09-09,U0221,
U0002,R11,Sales Rep,ERP-PROD,2024-07-07,U0232,
U0395,R06,GL Preparer,ERP-PROD,2022-12-19,U0351,
U0050,R10,HR Generalist,ERP-PROD,2025-12-27,U0334,
U0080,R09,Read-Only Reporting,ERP-PROD,2024-05-29,U0160,
U0191,R10,HR Generalist,ERP-PROD,2026-07-29,U0113,
U0035,R04,Purchasing Buyer,ERP-PROD,2023-03-07,U0270,
U0244,R02,AP Approver,ERP-PROD,2022-04-12,U0265,2022-07-31
U0334,R05,Purchasing Approver,ERP-PROD,2023-06-20,U0160,2019-03-19
U0089,R09,Read-Only Reporting,ERP-PROD,2022-02-02,U0084,
U0312,R10,HR Generalist,ERP-PROD,2023-02-01,U0310,
U0386,R05,Purchasing Approver,ERP-PROD,2022-11-22,U0202,
U0053,R04,Purchasing Buyer,ERP-PROD,2024-08-08,U0048,
U0317,R05,Purchasing Approver,ERP-PROD,2024-04-12,U0118,
U0245,R08,System Administrator,ERP-PROD,2026-07-21,U0369,
U0224,R10,HR Generalist,ERP-PROD,2025-12-05,U0101,2025-01-12
U0014,R05,Purchasing Approver,ERP-PROD,2026-05-26,U0048,
U0290,R07,GL Approver,ERP-PROD,2026-03-30,U0094,2026-03-22
U0086,R05,Purchasing Approver,ERP-PROD,2024-03-19,U0141,
U0353,R08,System Administrator,ERP-PROD,2023-09-08,,
U0253,R11,Sales Rep,ERP-PROD,2026-07-24,U0268,
U0159,R02,AP Approver,ERP-PROD,2026-06-06,U0047,
U0301,R09,Read-Only Reporting,ERP-PROD,2025-02-05,U0154,
U0130,R11,Sales Rep,ERP-PROD,2025-08-09,U0130,
U0282,R09,Read-Only Reporting,ERP-PROD,2022-09-30,U0212,
U0393,R08,System Administrator,ERP-PROD,2024-11-25,U0087,
U0293,R05,Purchasing Approver,ERP-PROD,2025-09-17,U0162,
U0226,R07,GL Approver,ERP-PROD,2026-06-08,U0109,
U0055,R05,Purchasing Approver,ERP-PROD,2021-08-01,U0028,
U0332,R03,Vendor Master Maintainer,ERP-PROD,2021-02-17,,
U0051,R05,Purchasing Approver,ERP-PROD,2026-05-04,U0018,
U0167,R07,GL Approver,ERP-PROD,2020-10-14,U0235,
U0179,R03,Vendor Master Maintainer,ERP-PROD,2025-08-05,U0214,
U0177,R10,HR Generalist,ERP-PROD,2026-02-03,U0278,
U0162,R10,HR Generalist,ERP-PROD,2025-12-04,U0367,
U0059,R08,System Administrator,ERP-PROD,2024-11-03,U0321,
U0049,R05,Purchasing Approver,ERP-PROD,2026-05-26,U0194,
U0316,R06,GL Preparer,ERP-PROD,2025-06-23,U0135,
U0218,R11,Sales Rep,ERP-PROD,2026-03-04,U0249,
U0234,R11,Sales Rep,ERP-PROD,2019-03-20,U0361,
U0022,R08,System Administrator,ERP-PROD,2023-08-06,U0279,
U0289,R08,System Administrator,ERP-PROD,2023-10-02,U0392,
U0155,R11,Sales Rep,ERP-PROD,2022-07-27,U0259,
U0256,R06,GL Preparer,ERP-PROD,2022-11-13,U0131,
U0181,R01,AP Clerk,ERP-PROD,2026-04-13,U0029,
U0351,R06,GL Preparer,ERP-PROD,2024-06-24,U0166,
U0271,R01,AP Clerk,ERP-PROD,2024-11-19,U0337,2024-06-25
U0376,R03,Vendor Master Maintainer,ERP-PROD,2022-02-20,,
U0315,R02,AP Approver,ERP-PROD,2024-12-15,U0281,
U0239,R06,GL Preparer,ERP-PROD,2024-05-21,U0072,
U0284,R11,Sales Rep,ERP-PROD,2023-06-23,U0284,
U0144,R11,Sales Rep,ERP-PROD,2020-01-17,U0206,
U0126,R02,AP Approver,ERP-PROD,2025-10-23,U0302,
U0146,R01,AP Clerk,ERP-PROD,2020-01-01,U0357,
U0328,R09,Read-Only Reporting,ERP-PROD,2025-12-01,U0392,
U0097,R09,Read-Only Reporting,ERP-PROD,2026-04-09,U0004,
U0340,R10,HR Generalist,ERP-PROD,2025-04-27,U0200,
U0085,R10,HR Generalist,ERP-PROD,2023-02-17,,
U0303,R05,Purchasing Approver,ERP-PROD,2024-07-26,U0323,
U0198,R10,HR Generalist,ERP-PROD,2021-04-25,U0108,
U0118,R05,Purchasing Approver,ERP-PROD,2025-10-19,,
U0021,R09,Read-Only Reporting,ERP-PROD,2025-11-27,U0010,
U0178,R09,Read-Only Reporting,ERP-PROD,2024-06-24,U0288,
U0071,R08,System Administrator,ERP-PROD,2023-10-12,U0322,
U0104,R10,HR Generalist,ERP-PROD,2025-01-04,U0372,
U0250,R03,Vendor Master Maintainer,ERP-PROD,2025-07-07,U0215,
U0320,R09,Read-Only Reporting,ERP-PROD,2026-03-20,U0228,
U0397,R09,Read-Only Reporting,ERP-PROD,2026-07-07,,
U0100,R11,Sales Rep,ERP-PROD,2026-02-16,U0077,
